,0,1
0,2015_Abarth_595,Abarth_595_2015_DjTr.jpg
1,2014_Abarth_595,Abarth_595_2014_oHUK.jpg
2,2015_Abarth_595,Abarth_595_2015_FsfG.jpg
3,2014_Abarth_595,Abarth_595_2014_oGwd.jpg
4,2015_Abarth_595,Abarth_595_2015_dLNl.jpg
5,2014_Abarth_595,Abarth_595_2014_OAIj.jpg
6,2015_Abarth_595,Abarth_595_2015_frPT.jpg
7,2014_Abarth_595,Abarth_595_2014_NzOH.jpg
8,2015_Abarth_595,Abarth_595_2015_DJEE.jpg
9,2014_Abarth_595,Abarth_595_2014_nWzG.jpg
10,2015_Abarth_595,Abarth_595_2015_GaSd.jpg
11,2014_Abarth_595,Abarth_595_2014_NOMV.jpg
12,2015_Abarth_595,Abarth_595_2015_DnGg.jpg
13,2014_Abarth_595,Abarth_595_2014_NNOt.jpg
14,2015_Abarth_595,Abarth_595_2015_FNXH.jpg
15,2014_Abarth_595,Abarth_595_2014_NNhu.jpg
16,2015_Abarth_595,Abarth_595_2015_dQlf.jpg
17,2014_Abarth_595,Abarth_595_2014_NLZr.jpg
18,2015_Abarth_595,Abarth_595_2015_EYzG.jpg
19,2014_Abarth_595,Abarth_595_2014_NKyL.jpg
20,2015_Abarth_595,Abarth_595_2015_DiXq.jpg
21,2014_Abarth_595,Abarth_595_2014_nHhs.jpg
22,2015_Abarth_595,Abarth_595_2015_gaWA.jpg
23,2014_Abarth_595,Abarth_595_2014_Ndhs.jpg
24,2015_Abarth_595,Abarth_595_2015_dtkX.jpg
25,2014_Abarth_595,Abarth_595_2014_NDdC.jpg
26,2015_Abarth_595,Abarth_595_2015_fXkF.jpg
27,2014_Abarth_595,Abarth_595_2014_NBGl.jpg
28,2015_Abarth_595,Abarth_595_2015_DtLZ.jpg
29,2014_Abarth_595,Abarth_595_2014_MZkk.jpg
30,2015_Abarth_595,Abarth_595_2015_fqYX.jpg
31,2014_Abarth_595,Abarth_595_2014_MKtZ.jpg
32,2015_Abarth_595,Abarth_595_2015_ehEG.jpg
33,2015_Abarth_595,Abarth_595_2015_EHxL.jpg
34,2014_Abarth_595,Abarth_595_2014_MjGV.jpg
35,2015_Abarth_595,Abarth_595_2015_dfDC.jpg
36,2014_Abarth_595,Abarth_595_2014_mHYB.jpg
37,2015_Abarth_595,Abarth_595_2015_GcUG.jpg
38,2014_Abarth_595,Abarth_595_2014_mFLe.jpg
39,2015_Abarth_595,Abarth_595_2015_Fzbe.jpg
40,2014_Abarth_595,Abarth_595_2014_mfcb.jpg
41,2015_Abarth_595,Abarth_595_2015_FObi.jpg
42,2014_Abarth_595,Abarth_595_2014_mBOI.jpg
43,2015_Abarth_595,Abarth_595_2015_EIAM.jpg
44,2014_Abarth_595,Abarth_595_2014_lzIV.jpg
45,2015_Abarth_595,Abarth_595_2015_fCgI.jpg
46,2014_Abarth_595,Abarth_595_2014_lVCt.jpg
47,2014_Abarth_595,Abarth_595_2014_XCqo.jpg
48,2015_Abarth_595,Abarth_595_2015_EiHy.jpg
49,2014_Abarth_595,Abarth_595_2014_lpaS.jpg
50,2015_Abarth_595,Abarth_595_2015_ddmr.jpg
51,2014_Abarth_595,Abarth_595_2014_lMqP.jpg
52,2015_Abarth_595,Abarth_595_2015_GcXV.jpg
53,2014_Abarth_595,Abarth_595_2014_lJfV.jpg
54,2015_Abarth_595,Abarth_595_2015_FgCJ.jpg
55,2014_Abarth_595,Abarth_595_2014_LFpH.jpg
56,2015_Abarth_595,Abarth_595_2015_EQIQ.jpg
57,2014_Abarth_595,Abarth_595_2014_LEeY.jpg
58,2015_Abarth_595,Abarth_595_2015_ffsf.jpg
59,2014_Abarth_595,Abarth_595_2014_lBbZ.jpg
60,2015_Abarth_595,Abarth_595_2015_ewhZ.jpg
61,2014_Abarth_595,Abarth_595_2014_UUaE.jpg
62,2014_Abarth_595,Abarth_595_2014_KWtn.jpg
63,2015_Abarth_595,Abarth_595_2015_dddg.jpg
64,2014_Abarth_595,Abarth_595_2014_uTqu.jpg
65,2014_Abarth_595,Abarth_595_2014_KvYl.jpg
66,2015_Abarth_595,Abarth_595_2015_GfMD.jpg
67,2014_Abarth_595,Abarth_595_2014_uqsF.jpg
68,2014_Abarth_595,Abarth_595_2014_KSdz.jpg
69,2015_Abarth_595,Abarth_595_2015_FJnR.jpg
70,2014_Abarth_595,Abarth_595_2014_ULli.jpg
71,2014_Abarth_595,Abarth_595_2014_kQxy.jpg
72,2015_Abarth_595,Abarth_595_2015_fCnL.jpg
73,2014_Abarth_595,Abarth_595_2014_UBsA.jpg
74,2014_Abarth_595,Abarth_595_2014_jSYH.jpg
75,2015_Abarth_595,Abarth_595_2015_gtKN.jpg
76,2014_Abarth_595,Abarth_595_2014_tsMC.jpg
77,2014_Abarth_595,Abarth_595_2014_JPKF.jpg
78,2015_Abarth_595,Abarth_595_2015_gUIL.jpg
79,2014_Abarth_595,Abarth_595_2014_toWU.jpg
80,2014_Abarth_595,Abarth_595_2014_JoTp.jpg
81,2015_Abarth_595,Abarth_595_2015_GVaC.jpg
82,2014_Abarth_595,Abarth_595_2014_TOFL.jpg
83,2014_Abarth_595,Abarth_595_2014_JIbr.jpg
84,2015_Abarth_595,Abarth_595_2015_CYny.jpg
85,2014_Abarth_595,Abarth_595_2014_teoi.jpg
86,2014_Abarth_595,Abarth_595_2014_iShq.jpg
87,2015_Abarth_595,Abarth_595_2015_GkDf.jpg
88,2014_Abarth_595,Abarth_595_2014_SwEd.jpg
89,2014_Abarth_595,Abarth_595_2014_iRZB.jpg
90,2015_Abarth_595,Abarth_595_2015_GVek.jpg
91,2014_Abarth_595,Abarth_595_2014_SQIc.jpg
92,2014_Abarth_595,Abarth_595_2014_IRUP.jpg
93,2015_Abarth_595,Abarth_595_2015_GYVe.jpg
94,2014_Abarth_595,Abarth_595_2014_SjBQ.jpg
95,2014_Abarth_595,Abarth_595_2014_iRJB.jpg
96,2015_Abarth_595,Abarth_595_2015_hCUV.jpg
97,2014_Abarth_595,Abarth_595_2014_SCjW.jpg
98,2014_Abarth_595,Abarth_595_2014_IoMw.jpg
99,2015_Abarth_595,Abarth_595_2015_HDic.jpg
100,2014_Abarth_595,Abarth_595_2014_rttk.jpg
101,2014_Abarth_595,Abarth_595_2014_iNXO.jpg
102,2015_Abarth_595,Abarth_595_2015_HEGz.jpg
103,2014_Abarth_595,Abarth_595_2014_RqqV.jpg
104,2014_Abarth_595,Abarth_595_2014_ILiC.jpg
105,2015_Abarth_595,Abarth_595_2015_HFFm.jpg
106,2014_Abarth_595,Abarth_595_2014_rFpG.jpg
107,2014_Abarth_595,Abarth_595_2014_iHwa.jpg
108,2015_Abarth_595,Abarth_595_2015_hfPj.jpg
109,2014_Abarth_595,Abarth_595_2014_reiz.jpg
110,2014_Abarth_595,Abarth_595_2014_IcnS.jpg
111,2015_Abarth_595,Abarth_595_2015_HIAA.jpg
112,2014_Abarth_595,Abarth_595_2014_rDKC.jpg
113,2014_Abarth_595,Abarth_595_2014_IAwr.jpg
114,2015_Abarth_595,Abarth_595_2015_hpEy.jpg
115,2015_Abarth_595,Abarth_595_2015_EHho.jpg
116,2014_Abarth_595,Abarth_595_2014_RCRP.jpg
117,2014_Abarth_595,Abarth_595_2014_hRNG.jpg
118,2015_Abarth_595,Abarth_595_2015_Cwyh.jpg
119,2014_Abarth_595,Abarth_595_2014_RaFc.jpg
120,2014_Abarth_595,Abarth_595_2014_hmoK.jpg
121,2015_Abarth_595,Abarth_595_2015_gMVY.jpg
122,2014_Abarth_595,Abarth_595_2014_RacZ.jpg
123,2014_Abarth_595,Abarth_595_2014_HETf.jpg
124,2014_Abarth_595,Abarth_595_2014_QWuv.jpg
125,2014_Abarth_595,Abarth_595_2014_HcbN.jpg
126,2014_Abarth_595,Abarth_595_2014_qhmS.jpg
127,2014_Abarth_595,Abarth_595_2014_Gzap.jpg
128,2014_Abarth_595,Abarth_595_2014_qGHB.jpg
129,2014_Abarth_595,Abarth_595_2014_GiqL.jpg
130,2014_Abarth_595,Abarth_595_2014_QEDd.jpg
131,2014_Abarth_595,Abarth_595_2014_GhaV.jpg
132,2015_Abarth_595,Abarth_595_2015_cvlT.jpg
133,2014_Abarth_595,Abarth_595_2014_PZhj.jpg
134,2014_Abarth_595,Abarth_595_2014_gFxN.jpg
135,2015_Abarth_595,Abarth_595_2015_ExwB.jpg
136,2014_Abarth_595,Abarth_595_2014_PwSP.jpg
137,2014_Abarth_595,Abarth_595_2014_GejC.jpg
138,2014_Abarth_595,Abarth_595_2014_pvKx.jpg
139,2014_Abarth_595,Abarth_595_2014_FZAi.jpg
140,2014_Abarth_595,Abarth_595_2014_pQVq.jpg
141,2014_Abarth_595,Abarth_595_2014_FtoA.jpg
142,2014_Abarth_595,Abarth_595_2014_POmt.jpg
143,2014_Abarth_595,Abarth_595_2014_fSEr.jpg
144,2014_Abarth_595,Abarth_595_2014_pOgh.jpg
145,2014_Abarth_595,Abarth_595_2014_fRSC.jpg
146,2014_Abarth_595,Abarth_595_2014_PBPv.jpg
147,2014_Abarth_595,Abarth_595_2014_fHaU.jpg
148,2014_Abarth_595,Abarth_595_2014_pBfK.jpg
149,2014_Abarth_595,Abarth_595_2014_fdfd.jpg
150,2014_Abarth_595,Abarth_595_2014_Ozhc.jpg
151,2014_Abarth_595,Abarth_595_2014_ewHA.jpg
152,2014_Abarth_595,Abarth_595_2014_OYMe.jpg
153,2014_Abarth_595,Abarth_595_2014_Evuu.jpg
154,2014_Abarth_595,Abarth_595_2014_OwDZ.jpg
155,2014_Abarth_595,Abarth_595_2014_eRzt.jpg
156,2014_Abarth_595,Abarth_595_2014_OuVy.jpg
157,2014_Abarth_595,Abarth_595_2014_Ertg.jpg
158,2014_Abarth_595,Abarth_595_2014_oPBC.jpg
159,2014_Abarth_595,Abarth_595_2014_Elox.jpg
160,2014_Abarth_595,Abarth_595_2014_okrL.jpg
161,2014_Abarth_595,Abarth_595_2014_EJYf.jpg
162,2014_Abarth_595,Abarth_595_2014_DxVH.jpg
163,2013_Abarth_595,Abarth_595_2013_roVR.jpg
164,2013_Abarth_595,Abarth_595_2013_AjIV.jpg
165,2017_Abarth_595C,Abarth_595C_2017_INnF.jpg
166,2015_Abarth_595C,Abarth_595C_2015_GmMJ.jpg
167,2019_Abarth_124 Spider,Abarth_124 Spider_2019_jwuH.jpg
168,2014_Abarth_595,Abarth_595_2014_YRxp.jpg
169,2017_Abarth_124 Spider,Abarth_124 Spider_2017_muhS.jpg
170,2015_Abarth_595,Abarth_595_2015_AvqB.jpg
171,2014_Abarth_595,Abarth_595_2014_drRp.jpg
172,2013_Abarth_595,Abarth_595_2013_rGbA.jpg
173,2013_Abarth_595,Abarth_595_2013_aHTI.jpg
174,2017_Abarth_124 Spider,Abarth_124 Spider_2017_MIBu.jpg
175,2017_Abarth_595C,Abarth_595C_2017_iccz.jpg
176,2015_Abarth_595C,Abarth_595C_2015_gkbM.jpg
177,2019_Abarth_124 Spider,Abarth_124 Spider_2019_Jjqj.jpg
178,2014_Abarth_595,Abarth_595_2014_UXcI.jpg
179,2015_Abarth_595,Abarth_595_2015_Cupm.jpg
180,2014_Abarth_595,Abarth_595_2014_Dqyt.jpg
181,2017_Abarth_124 Spider,Abarth_124 Spider_2017_LjdS.jpg
182,2013_Abarth_595,Abarth_595_2013_rEXG.jpg
183,2019_Abarth_595C,Abarth_595C_2019_ZXoo.jpg
184,2017_Abarth_124 Spider,Abarth_124 Spider_2017_mWeu.jpg
185,2017_Abarth_595C,Abarth_595C_2017_Cqkt.jpg
186,2015_Abarth_595C,Abarth_595C_2015_FvLt.jpg
187,2019_Abarth_124 Spider,Abarth_124 Spider_2019_jcCp.jpg
188,2017_Abarth_124 Spider,Abarth_124 Spider_2017_kziB.jpg
189,2015_Abarth_595,Abarth_595_2015_cibj.jpg
190,2014_Abarth_595,Abarth_595_2014_dmaW.jpg
191,2013_Abarth_595,Abarth_595_2013_Qudt.jpg
192,2019_Abarth_595C,Abarth_595C_2019_ZAnd.jpg
193,2017_Abarth_595C,Abarth_595C_2017_BzoN.jpg
194,2015_Abarth_595C,Abarth_595C_2015_FMHr.jpg
195,2019_Abarth_124 Spider,Abarth_124 Spider_2019_iPXy.jpg
196,2014_Abarth_595,Abarth_595_2014_dlzj.jpg
197,2013_Abarth_595,Abarth_595_2013_qqcv.jpg
198,2019_Abarth_595C,Abarth_595C_2019_yqQp.jpg
199,2017_Abarth_595C,Abarth_595C_2017_ByeS.jpg
200,2015_Abarth_595C,Abarth_595C_2015_FByn.jpg
201,2019_Abarth_124 Spider,Abarth_124 Spider_2019_iLEu.jpg
202,2014_Abarth_595,Abarth_595_2014_DJzt.jpg
203,2013_Abarth_595,Abarth_595_2013_qppV.jpg
204,2019_Abarth_595C,Abarth_595C_2019_XacB.jpg
205,2017_Abarth_595C,Abarth_595C_2017_brbo.jpg
206,2015_Abarth_595C,Abarth_595C_2015_Eztj.jpg
207,2019_Abarth_124 Spider,Abarth_124 Spider_2019_iElI.jpg
208,2017_Abarth_124 Spider,Abarth_124 Spider_2017_jtow.jpg
209,2014_Abarth_595,Abarth_595_2014_yeBz.jpg
210,2017_Abarth_124 Spider,Abarth_124 Spider_2017_iSYD.jpg
211,2014_Abarth_595,Abarth_595_2014_dEWd.jpg
212,2013_Abarth_595,Abarth_595_2013_QLeA.jpg
213,2019_Abarth_595C,Abarth_595C_2019_WGjp.jpg
214,2017_Abarth_595C,Abarth_595C_2017_bJBr.jpg
215,2015_Abarth_595C,Abarth_595C_2015_eRly.jpg
216,2019_Abarth_124 Spider,Abarth_124 Spider_2019_iDIL.jpg
217,2015_Abarth_595,Abarth_595_2015_FBgz.jpg
218,2017_Abarth_124 Spider,Abarth_124 Spider_2017_IDSC.jpg
219,2015_Abarth_595,Abarth_595_2015_AUYX.jpg
220,2015_Abarth_595,Abarth_595_2015_aGNu.jpg
221,2017_Abarth_124 Spider,Abarth_124 Spider_2017_juKc.jpg
222,2014_Abarth_595,Abarth_595_2014_cyWA.jpg
223,2013_Abarth_595,Abarth_595_2013_qEzY.jpg
224,2019_Abarth_595C,Abarth_595C_2019_wCgz.jpg
225,2017_Abarth_595C,Abarth_595C_2017_AQkj.jpg
226,2015_Abarth_595C,Abarth_595C_2015_DpDM.jpg
227,2019_Abarth_124 Spider,Abarth_124 Spider_2019_IASE.jpg
228,2017_Abarth_124 Spider,Abarth_124 Spider_2017_icyU.jpg
229,2014_Abarth_595,Abarth_595_2014_CYpo.jpg
230,2013_Abarth_595,Abarth_595_2013_PxbM.jpg
231,2019_Abarth_595C,Abarth_595C_2019_WBch.jpg
232,2016_Abarth_595C,Abarth_595C_2016_zYPt.jpg
233,2015_Abarth_595C,Abarth_595C_2015_BZqf.jpg
234,2019_Abarth_124 Spider,Abarth_124 Spider_2019_hZMg.jpg
235,2014_Abarth_595,Abarth_595_2014_CKzZ.jpg
236,2013_Abarth_595,Abarth_595_2013_PTIj.jpg
237,2019_Abarth_595C,Abarth_595C_2019_vuYy.jpg
238,2016_Abarth_595C,Abarth_595C_2016_yoTW.jpg
239,2015_Abarth_595C,Abarth_595C_2015_BxwH.jpg
240,2019_Abarth_124 Spider,Abarth_124 Spider_2019_HVpb.jpg
241,2015_Abarth_595,Abarth_595_2015_CCNE.jpg
242,2014_Abarth_595,Abarth_595_2014_CHRh.jpg
243,2017_Abarth_124 Spider,Abarth_124 Spider_2017_HEIP.jpg
244,2013_Abarth_595,Abarth_595_2013_PoWN.jpg
245,2019_Abarth_595C,Abarth_595C_2019_VpQg.jpg
246,2016_Abarth_595C,Abarth_595C_2016_Xjed.jpg
247,2015_Abarth_595C,Abarth_595C_2015_btch.jpg
248,2019_Abarth_124 Spider,Abarth_124 Spider_2019_HsWi.jpg
249,2017_Abarth_124 Spider,Abarth_124 Spider_2017_gCGZ.jpg
250,2017_Abarth_124 Spider,Abarth_124 Spider_2017_KOFa.jpg
251,2014_Abarth_595,Abarth_595_2014_CfYU.jpg
252,2013_Abarth_595,Abarth_595_2013_PerJ.jpg
253,2019_Abarth_595C,Abarth_595C_2019_vjbH.jpg
254,2016_Abarth_595C,Abarth_595C_2016_WimE.jpg
255,2017_Abarth_124 Spider,Abarth_124 Spider_2017_fzdF.jpg
256,2015_Abarth_595C,Abarth_595C_2015_BLdI.jpg
257,2019_Abarth_124 Spider,Abarth_124 Spider_2019_HOmS.jpg
258,2017_Abarth_124 Spider,Abarth_124 Spider_2017_hkyF.jpg
259,2014_Abarth_595,Abarth_595_2014_XULp.jpg
260,2014_Abarth_595,Abarth_595_2014_CDaP.jpg
261,2013_Abarth_595,Abarth_595_2013_ovmj.jpg
262,2019_Abarth_595C,Abarth_595C_2019_uVGs.jpg
263,2016_Abarth_595C,Abarth_595C_2016_vyuX.jpg
264,2015_Abarth_595C,Abarth_595C_2015_BJIl.jpg
265,2019_Abarth_124 Spider,Abarth_124 Spider_2019_hEEC.jpg
266,2015_Abarth_595,Abarth_595_2015_aekc.jpg
267,2014_Abarth_595,Abarth_595_2014_BsUN.jpg
268,2013_Abarth_595,Abarth_595_2013_osru.jpg
269,2019_Abarth_595C,Abarth_595C_2019_Uskm.jpg
270,2016_Abarth_595C,Abarth_595C_2016_Ugxt.jpg
271,2015_Abarth_595C,Abarth_595C_2015_Bddd.jpg
272,2019_Abarth_124 Spider,Abarth_124 Spider_2019_gqkt.jpg
273,2014_Abarth_595,Abarth_595_2014_BpCR.jpg
274,2017_Abarth_124 Spider,Abarth_124 Spider_2017_DyUf.jpg
275,2013_Abarth_595,Abarth_595_2013_oNnJ.jpg
276,2019_Abarth_595C,Abarth_595C_2019_tmko.jpg
277,2016_Abarth_595C,Abarth_595C_2016_uCpA.jpg
278,2015_Abarth_595C,Abarth_595C_2015_BdAE.jpg
279,2019_Abarth_124 Spider,Abarth_124 Spider_2019_gNLR.jpg
280,2017_Abarth_124 Spider,Abarth_124 Spider_2017_dwXh.jpg
281,2017_Abarth_124 Spider,Abarth_124 Spider_2017_nkKt.jpg
282,2014_Abarth_595,Abarth_595_2014_bjMS.jpg
283,2013_Abarth_595,Abarth_595_2013_NfLc.jpg
284,2019_Abarth_595C,Abarth_595C_2019_tGgm.jpg
285,2017_Abarth_124 Spider,Abarth_124 Spider_2017_dMJG.jpg
286,2016_Abarth_595C,Abarth_595C_2016_tXsm.jpg
287,2019_Abarth_124 Spider,Abarth_124 Spider_2019_ZTPT.jpg
288,2019_Abarth_124 Spider,Abarth_124 Spider_2019_gjWz.jpg
289,2015_Abarth_595,Abarth_595_2015_BYuC.jpg
290,2014_Abarth_595,Abarth_595_2014_bGpF.jpg
291,2013_Abarth_595,Abarth_595_2013_mVrH.jpg
292,2019_Abarth_595C,Abarth_595C_2019_RtuK.jpg
293,2016_Abarth_595C,Abarth_595C_2016_sZyE.jpg
294,2019_Abarth_124 Spider,Abarth_124 Spider_2019_zNaU.jpg
295,2019_Abarth_124 Spider,Abarth_124 Spider_2019_GhRd.jpg
296,2014_Abarth_595,Abarth_595_2014_bEgP.jpg
297,2013_Abarth_595,Abarth_595_2013_mmCw.jpg
298,2019_Abarth_595C,Abarth_595C_2019_qXwG.jpg
299,2016_Abarth_595C,Abarth_595C_2016_SUNZ.jpg
300,2019_Abarth_124 Spider,Abarth_124 Spider_2019_yVry.jpg
301,2019_Abarth_124 Spider,Abarth_124 Spider_2019_fxxl.jpg
302,2017_Abarth_124 Spider,Abarth_124 Spider_2017_dazK.jpg
303,2015_Abarth_595,Abarth_595_2015_CtCD.jpg
304,2015_Abarth_595,Abarth_595_2015_ASbx.jpg
305,2014_Abarth_595,Abarth_595_2014_XKvc.jpg
306,2014_Abarth_595,Abarth_595_2014_bCAx.jpg
307,2017_Abarth_124 Spider,Abarth_124 Spider_2017_bXlh.jpg
308,2013_Abarth_595,Abarth_595_2013_mcOn.jpg
309,2019_Abarth_595C,Abarth_595C_2019_QPXi.jpg
310,2016_Abarth_595C,Abarth_595C_2016_rsYz.jpg
311,2019_Abarth_124 Spider,Abarth_124 Spider_2019_Yuta.jpg
312,2019_Abarth_124 Spider,Abarth_124 Spider_2019_fnGs.jpg
313,2017_Abarth_124 Spider,Abarth_124 Spider_2017_FSia.jpg
314,2015_Abarth_595,Abarth_595_2015_Adoc.jpg
315,2014_Abarth_595,Abarth_595_2014_baFh.jpg
316,2013_Abarth_595,Abarth_595_2013_Ldza.jpg
317,2019_Abarth_595C,Abarth_595C_2019_QopN.jpg
318,2016_Abarth_595C,Abarth_595C_2016_PnsH.jpg
319,2019_Abarth_124 Spider,Abarth_124 Spider_2019_ymEb.jpg
320,2019_Abarth_124 Spider,Abarth_124 Spider_2019_FgZB.jpg
321,2014_Abarth_595,Abarth_595_2014_WKkl.jpg
322,2014_Abarth_595,Abarth_595_2014_ayjF.jpg
323,2013_Abarth_595,Abarth_595_2013_lBXh.jpg
324,2019_Abarth_595C,Abarth_595C_2019_qEVW.jpg
325,2016_Abarth_595C,Abarth_595C_2016_pJcU.jpg
326,2019_Abarth_124 Spider,Abarth_124 Spider_2019_YJva.jpg
327,2019_Abarth_124 Spider,Abarth_124 Spider_2019_FgMj.jpg
328,2017_Abarth_124 Spider,Abarth_124 Spider_2017_BLfN.jpg
329,2014_Abarth_595,Abarth_595_2014_awTP.jpg
330,2013_Abarth_595,Abarth_595_2013_kyig.jpg
331,2019_Abarth_595C,Abarth_595C_2019_qdHz.jpg
332,2017_Abarth_124 Spider,Abarth_124 Spider_2017_AmOL.jpg
333,2016_Abarth_595C,Abarth_595C_2016_Piqv.jpg
334,2019_Abarth_124 Spider,Abarth_124 Spider_2019_YCFD.jpg
335,2019_Abarth_124 Spider,Abarth_124 Spider_2019_EWqG.jpg
336,2014_Abarth_595,Abarth_595_2014_WqRu.jpg
337,2015_Abarth_595,Abarth_595_2015_bRJQ.jpg
338,2014_Abarth_595,Abarth_595_2014_AwDf.jpg
339,2013_Abarth_595,Abarth_595_2013_KmYb.jpg
340,2019_Abarth_595C,Abarth_595C_2019_pigd.jpg
341,2016_Abarth_595C,Abarth_595C_2016_PcCv.jpg
342,2019_Abarth_124 Spider,Abarth_124 Spider_2019_XRBU.jpg
343,2019_Abarth_124 Spider,Abarth_124 Spider_2019_ehcf.jpg
344,2013_Abarth_595,Abarth_595_2013_KlkC.jpg
345,2016_Abarth_595C,Abarth_595C_2016_PbPT.jpg
346,2019_Abarth_124 Spider,Abarth_124 Spider_2019_XjdV.jpg
347,2019_Abarth_124 Spider,Abarth_124 Spider_2019_eGMa.jpg
348,2019_Abarth_595C,Abarth_595C_2019_NiBC.jpg
349,2014_Abarth_595,Abarth_595_2014_AOzo.jpg
350,2015_Abarth_595,Abarth_595_2015_CrzD.jpg
351,2015_Abarth_595,Abarth_595_2015_alLr.jpg
352,2014_Abarth_595,Abarth_595_2014_aJgl.jpg
353,2013_Abarth_595,Abarth_595_2013_kaWl.jpg
354,2016_Abarth_595C,Abarth_595C_2016_ObpB.jpg
355,2019_Abarth_124 Spider,Abarth_124 Spider_2019_wQFQ.jpg
356,2019_Abarth_124 Spider,Abarth_124 Spider_2019_EEYq.jpg
357,2019_Abarth_595C,Abarth_595C_2019_nFBJ.jpg
358,2015_Abarth_595,Abarth_595_2015_AClm.jpg
359,2019_Abarth_595C,Abarth_595C_2019_lEDr.jpg
360,2014_Abarth_595,Abarth_595_2014_AIzD.jpg
361,2013_Abarth_595,Abarth_595_2013_juJo.jpg
362,2016_Abarth_595C,Abarth_595C_2016_NxWR.jpg
363,2019_Abarth_124 Spider,Abarth_124 Spider_2019_wKYJ.jpg
364,2019_Abarth_124 Spider,Abarth_124 Spider_2019_dVaB.jpg
365,2015_Abarth_595,Abarth_595_2015_aQEe.jpg
366,2014_Abarth_595,Abarth_595_2014_WEeK.jpg
367,2014_Abarth_595,Abarth_595_2014_aExt.jpg
368,2013_Abarth_595,Abarth_595_2013_jIwl.jpg
369,2019_Abarth_595C,Abarth_595C_2019_kzpT.jpg
370,2016_Abarth_595C,Abarth_595C_2016_mDdj.jpg
371,2019_Abarth_124 Spider,Abarth_124 Spider_2019_WjxL.jpg
372,2019_Abarth_124 Spider,Abarth_124 Spider_2019_DAXJ.jpg
373,2013_Abarth_595,Abarth_595_2013_zxbG.jpg
374,2019_Abarth_595C,Abarth_595C_2019_kows.jpg
375,2016_Abarth_595C,Abarth_595C_2016_LNmu.jpg
376,2019_Abarth_124 Spider,Abarth_124 Spider_2019_VHGI.jpg
377,2019_Abarth_124 Spider,Abarth_124 Spider_2019_bsaW.jpg
378,2013_Abarth_595,Abarth_595_2013_JFAq.jpg
379,2015_Abarth_595,Abarth_595_2015_bqnI.jpg
380,2013_Abarth_595,Abarth_595_2013_jbSq.jpg
381,2019_Abarth_595C,Abarth_595C_2019_kncB.jpg
382,2013_Abarth_595,Abarth_595_2013_ZgMz.jpg
383,2016_Abarth_595C,Abarth_595C_2016_ilgU.jpg
384,2019_Abarth_124 Spider,Abarth_124 Spider_2019_VGCv.jpg
385,2019_Abarth_124 Spider,Abarth_124 Spider_2019_BHXN.jpg
386,2013_Abarth_595,Abarth_595_2013_IZad.jpg
387,2013_Abarth_595,Abarth_595_2013_YYLr.jpg
388,2019_Abarth_595C,Abarth_595C_2019_kfSS.jpg
389,2016_Abarth_595C,Abarth_595C_2016_hupR.jpg
390,2019_Abarth_124 Spider,Abarth_124 Spider_2019_UrKA.jpg
391,2019_Abarth_124 Spider,Abarth_124 Spider_2019_awIY.jpg
392,2015_Abarth_595,Abarth_595_2015_clei.jpg
393,2014_Abarth_595,Abarth_595_2014_xkFL.jpg
394,2013_Abarth_595,Abarth_595_2013_IUZF.jpg
395,2019_Abarth_595C,Abarth_595C_2019_JUFY.jpg
396,2016_Abarth_595C,Abarth_595C_2016_hbXR.jpg
397,2019_Abarth_124 Spider,Abarth_124 Spider_2019_umXV.jpg
398,2019_Abarth_124 Spider,Abarth_124 Spider_2019_Asro.jpg
399,2013_Abarth_595,Abarth_595_2013_yXZB.jpg
400,2013_Abarth_595,Abarth_595_2013_YSyT.jpg
401,2013_Abarth_595,Abarth_595_2013_iLgg.jpg
402,2019_Abarth_595C,Abarth_595C_2019_JsxC.jpg
403,2016_Abarth_595C,Abarth_595C_2016_gSew.jpg
404,2019_Abarth_124 Spider,Abarth_124 Spider_2019_TYAn.jpg
405,2019_Abarth_124 Spider,Abarth_124 Spider_2019_aJuM.jpg
406,2014_Abarth_595,Abarth_595_2014_zZHg.jpg
407,2014_Abarth_595,Abarth_595_2014_wdDT.jpg
408,2019_Abarth_595C,Abarth_595C_2019_jcst.jpg
409,2013_Abarth_595,Abarth_595_2013_ynxb.jpg
410,2013_Abarth_595,Abarth_595_2013_ilfa.jpg
411,2016_Abarth_595C,Abarth_595C_2016_fSTc.jpg
412,2019_Abarth_124 Spider,Abarth_124 Spider_2019_tRwW.jpg
413,2019_Abarth_124 Spider,Abarth_124 Spider_2019_aAXk.jpg
414,2013_Abarth_595,Abarth_595_2013_ylhV.jpg
415,2013_Abarth_595,Abarth_595_2013_ikcz.jpg
416,2019_Abarth_595C,Abarth_595C_2019_IZvm.jpg
417,2016_Abarth_595C,Abarth_595C_2016_ehFP.jpg
418,2019_Abarth_124 Spider,Abarth_124 Spider_2019_trtN.jpg
419,2017_Abarth_124 Spider,Abarth_124 Spider_2017_Zmer.jpg
420,2013_Abarth_595,Abarth_595_2013_YJhK.jpg
421,2013_Abarth_595,Abarth_595_2013_iIiP.jpg
422,2019_Abarth_595C,Abarth_595C_2019_iVyZ.jpg
423,2016_Abarth_595C,Abarth_595C_2016_DNkq.jpg
424,2019_Abarth_124 Spider,Abarth_124 Spider_2019_TobK.jpg
425,2017_Abarth_124 Spider,Abarth_124 Spider_2017_Ziwh.jpg
426,2013_Abarth_595,Abarth_595_2013_yIjH.jpg
427,2013_Abarth_595,Abarth_595_2013_IIgc.jpg
428,2019_Abarth_595C,Abarth_595C_2019_ikkS.jpg
429,2016_Abarth_595C,Abarth_595C_2016_CsQF.jpg
430,2019_Abarth_124 Spider,Abarth_124 Spider_2019_tNBt.jpg
431,2017_Abarth_124 Spider,Abarth_124 Spider_2017_zeoc.jpg
432,2013_Abarth_595,Abarth_595_2013_Yhyz.jpg
433,2013_Abarth_595,Abarth_595_2013_hzyJ.jpg
434,2019_Abarth_595C,Abarth_595C_2019_Icfv.jpg
435,2016_Abarth_595C,Abarth_595C_2016_bQYp.jpg
436,2019_Abarth_124 Spider,Abarth_124 Spider_2019_TIVW.jpg
437,2017_Abarth_124 Spider,Abarth_124 Spider_2017_YNaC.jpg
438,2013_Abarth_595,Abarth_595_2013_XwvA.jpg
439,2013_Abarth_595,Abarth_595_2013_HteO.jpg
440,2019_Abarth_595C,Abarth_595C_2019_HjbA.jpg
441,2016_Abarth_595C,Abarth_595C_2016_AnvS.jpg
442,2019_Abarth_124 Spider,Abarth_124 Spider_2019_taNA.jpg
443,2017_Abarth_124 Spider,Abarth_124 Spider_2017_YEGF.jpg
444,2014_Abarth_595,Abarth_595_2014_zWAp.jpg
445,2014_Abarth_595,Abarth_595_2014_VUbW.jpg
446,2013_Abarth_595,Abarth_595_2013_xvGn.jpg
447,2013_Abarth_595,Abarth_595_2013_hrWO.jpg
448,2019_Abarth_595C,Abarth_595C_2019_GnAp.jpg
449,2015_Abarth_595C,Abarth_595C_2015_ZQQH.jpg
450,2019_Abarth_124 Spider,Abarth_124 Spider_2019_taCB.jpg
451,2017_Abarth_124 Spider,Abarth_124 Spider_2017_YDRT.jpg
452,2013_Abarth_595,Abarth_595_2013_xUoa.jpg
453,2013_Abarth_595,Abarth_595_2013_HQBz.jpg
454,2019_Abarth_595C,Abarth_595C_2019_gHne.jpg
455,2015_Abarth_595C,Abarth_595C_2015_yNHm.jpg
456,2019_Abarth_124 Spider,Abarth_124 Spider_2019_SpLh.jpg
457,2017_Abarth_124 Spider,Abarth_124 Spider_2017_XQVz.jpg
458,2015_Abarth_595,Abarth_595_2015_bkie.jpg
459,2013_Abarth_595,Abarth_595_2013_XUIx.jpg
460,2013_Abarth_595,Abarth_595_2013_hOpL.jpg
461,2019_Abarth_595C,Abarth_595C_2019_fAhg.jpg
462,2015_Abarth_595C,Abarth_595C_2015_xFlO.jpg
463,2019_Abarth_124 Spider,Abarth_124 Spider_2019_SKBW.jpg
464,2017_Abarth_124 Spider,Abarth_124 Spider_2017_XQaO.jpg
465,2015_Abarth_595,Abarth_595_2015_CIVa.jpg
466,2015_Abarth_595,Abarth_595_2015_Alfw.jpg
467,2013_Abarth_595,Abarth_595_2013_xUFg.jpg
468,2013_Abarth_595,Abarth_595_2013_hMll.jpg
469,2019_Abarth_595C,Abarth_595C_2019_ExAx.jpg
470,2015_Abarth_595C,Abarth_595C_2015_WuMG.jpg
471,2019_Abarth_124 Spider,Abarth_124 Spider_2019_SbjR.jpg
472,2017_Abarth_124 Spider,Abarth_124 Spider_2017_XFML.jpg
473,2015_Abarth_595,Abarth_595_2015_bmuw.jpg
474,2013_Abarth_595,Abarth_595_2013_xqMu.jpg
475,2013_Abarth_595,Abarth_595_2013_hKpi.jpg
476,2019_Abarth_595C,Abarth_595C_2019_ETxe.jpg
477,2015_Abarth_595C,Abarth_595C_2015_WTip.jpg
478,2019_Abarth_124 Spider,Abarth_124 Spider_2019_rxtz.jpg
479,2017_Abarth_124 Spider,Abarth_124 Spider_2017_XENf.jpg
480,2013_Abarth_595,Abarth_595_2013_xhOw.jpg
481,2013_Abarth_595,Abarth_595_2013_hHUW.jpg
482,2019_Abarth_595C,Abarth_595C_2019_Dxnl.jpg
483,2015_Abarth_595C,Abarth_595C_2015_vVZa.jpg
484,2019_Abarth_124 Spider,Abarth_124 Spider_2019_rlSd.jpg
485,2017_Abarth_124 Spider,Abarth_124 Spider_2017_WzVG.jpg
486,2014_Abarth_595,Abarth_595_2014_vkWy.jpg
487,2013_Abarth_595,Abarth_595_2013_xgEt.jpg
488,2013_Abarth_595,Abarth_595_2013_GRhj.jpg
489,2019_Abarth_595C,Abarth_595C_2019_DsHA.jpg
490,2015_Abarth_595C,Abarth_595C_2015_VVCN.jpg
491,2019_Abarth_124 Spider,Abarth_124 Spider_2019_RGwc.jpg
492,2017_Abarth_124 Spider,Abarth_124 Spider_2017_WEdJ.jpg
493,2013_Abarth_595,Abarth_595_2013_XCXI.jpg
494,2013_Abarth_595,Abarth_595_2013_gqqj.jpg
495,2019_Abarth_595C,Abarth_595C_2019_cZiY.jpg
496,2015_Abarth_595C,Abarth_595C_2015_Vlng.jpg
497,2019_Abarth_124 Spider,Abarth_124 Spider_2019_rCEO.jpg
498,2017_Abarth_124 Spider,Abarth_124 Spider_2017_VuWj.jpg
499,2013_Abarth_595,Abarth_595_2013_wUfU.jpg
500,2013_Abarth_595,Abarth_595_2013_gnJG.jpg
501,2019_Abarth_595C,Abarth_595C_2019_cUbM.jpg
502,2015_Abarth_595C,Abarth_595C_2015_UKbn.jpg
503,2019_Abarth_124 Spider,Abarth_124 Spider_2019_qFrQ.jpg
504,2017_Abarth_124 Spider,Abarth_124 Spider_2017_VlhD.jpg
505,2015_Abarth_595,Abarth_595_2015_bGnB.jpg
506,2014_Abarth_595,Abarth_595_2014_XGdI.jpg
507,2013_Abarth_595,Abarth_595_2013_WiUm.jpg
508,2013_Abarth_595,Abarth_595_2013_fang.jpg
509,2019_Abarth_595C,Abarth_595C_2019_clZx.jpg
510,2015_Abarth_595C,Abarth_595C_2015_TGnl.jpg
511,2019_Abarth_124 Spider,Abarth_124 Spider_2019_PobC.jpg
512,2017_Abarth_124 Spider,Abarth_124 Spider_2017_UQbZ.jpg
513,2013_Abarth_595,Abarth_595_2013_WchX.jpg
514,2013_Abarth_595,Abarth_595_2013_EOgh.jpg
515,2019_Abarth_595C,Abarth_595C_2019_cjPb.jpg
516,2015_Abarth_595C,Abarth_595C_2015_TDsC.jpg
517,2019_Abarth_124 Spider,Abarth_124 Spider_2019_pLzB.jpg
518,2017_Abarth_124 Spider,Abarth_124 Spider_2017_UjZG.jpg
519,2014_Abarth_595,Abarth_595_2014_zRbO.jpg
520,2013_Abarth_595,Abarth_595_2013_VxEt.jpg
521,2013_Abarth_595,Abarth_595_2013_EmZr.jpg
522,2019_Abarth_595C,Abarth_595C_2019_CIMw.jpg
523,2015_Abarth_595C,Abarth_595C_2015_Sphn.jpg
524,2019_Abarth_124 Spider,Abarth_124 Spider_2019_phQp.jpg
525,2017_Abarth_124 Spider,Abarth_124 Spider_2017_UFdl.jpg
526,2013_Abarth_595,Abarth_595_2013_VWAV.jpg
527,2013_Abarth_595,Abarth_595_2013_ELAY.jpg
528,2019_Abarth_595C,Abarth_595C_2019_ccKN.jpg
529,2015_Abarth_595C,Abarth_595C_2015_sIsU.jpg
530,2019_Abarth_124 Spider,Abarth_124 Spider_2019_pbXv.jpg
531,2017_Abarth_124 Spider,Abarth_124 Spider_2017_TLzt.jpg
532,2013_Abarth_595,Abarth_595_2013_vVBs.jpg
533,2013_Abarth_595,Abarth_595_2013_eCDa.jpg
534,2019_Abarth_595C,Abarth_595C_2019_BLIe.jpg
535,2015_Abarth_595C,Abarth_595C_2015_QxBX.jpg
536,2019_Abarth_124 Spider,Abarth_124 Spider_2019_osAT.jpg
537,2017_Abarth_124 Spider,Abarth_124 Spider_2017_TIeN.jpg
538,2013_Abarth_595,Abarth_595_2013_vRUh.jpg
539,2013_Abarth_595,Abarth_595_2013_ebgt.jpg
540,2019_Abarth_595C,Abarth_595C_2019_Ayyx.jpg
541,2015_Abarth_595C,Abarth_595C_2015_qQbK.jpg
542,2019_Abarth_124 Spider,Abarth_124 Spider_2019_NXFp.jpg
543,2017_Abarth_124 Spider,Abarth_124 Spider_2017_tgkP.jpg
544,2013_Abarth_595,Abarth_595_2013_vpbV.jpg
545,2013_Abarth_595,Abarth_595_2013_dxyF.jpg
546,2019_Abarth_595C,Abarth_595C_2019_adJo.jpg
547,2015_Abarth_595C,Abarth_595C_2015_Qlyo.jpg
548,2019_Abarth_124 Spider,Abarth_124 Spider_2019_NiGA.jpg
549,2017_Abarth_124 Spider,Abarth_124 Spider_2017_SSSB.jpg
550,2014_Abarth_595,Abarth_595_2014_xfti.jpg
551,2013_Abarth_595,Abarth_595_2013_uwrm.jpg
552,2013_Abarth_595,Abarth_595_2013_Dvsn.jpg
553,2017_Abarth_595C,Abarth_595C_2017_XSpt.jpg
554,2015_Abarth_595C,Abarth_595C_2015_QkKU.jpg
555,2019_Abarth_124 Spider,Abarth_124 Spider_2019_ngeT.jpg
556,2017_Abarth_124 Spider,Abarth_124 Spider_2017_sske.jpg
557,2014_Abarth_595,Abarth_595_2014_ZqdP.jpg
558,2013_Abarth_595,Abarth_595_2013_uVpz.jpg
559,2013_Abarth_595,Abarth_595_2013_dlrO.jpg
560,2017_Abarth_124 Spider,Abarth_124 Spider_2017_SoFg.jpg
561,2017_Abarth_595C,Abarth_595C_2017_vEoj.jpg
562,2015_Abarth_595C,Abarth_595C_2015_Ponm.jpg
563,2019_Abarth_124 Spider,Abarth_124 Spider_2019_NDuB.jpg
564,2014_Abarth_595,Abarth_595_2014_vhNE.jpg
565,2017_Abarth_124 Spider,Abarth_124 Spider_2017_SAKF.jpg
566,2013_Abarth_595,Abarth_595_2013_UVeP.jpg
567,2013_Abarth_595,Abarth_595_2013_dFBc.jpg
568,2017_Abarth_595C,Abarth_595C_2017_UzAb.jpg
569,2015_Abarth_595C,Abarth_595C_2015_PleD.jpg
570,2019_Abarth_124 Spider,Abarth_124 Spider_2019_mZGm.jpg
571,2017_Abarth_124 Spider,Abarth_124 Spider_2017_rzhl.jpg
572,2015_Abarth_595,Abarth_595_2015_akaP.jpg
573,2013_Abarth_595,Abarth_595_2013_ULfg.jpg
574,2013_Abarth_595,Abarth_595_2013_DDXa.jpg
575,2017_Abarth_595C,Abarth_595C_2017_ufke.jpg
576,2015_Abarth_595C,Abarth_595C_2015_pCHA.jpg
577,2019_Abarth_124 Spider,Abarth_124 Spider_2019_MREJ.jpg
578,2017_Abarth_124 Spider,Abarth_124 Spider_2017_RRcZ.jpg
579,2014_Abarth_595,Abarth_595_2014_WuEZ.jpg
580,2015_Abarth_595,Abarth_595_2015_aXuY.jpg
581,2013_Abarth_595,Abarth_595_2013_UDvc.jpg
582,2013_Abarth_595,Abarth_595_2013_DCsC.jpg
583,2017_Abarth_595C,Abarth_595C_2017_uDau.jpg
584,2015_Abarth_595C,Abarth_595C_2015_kuDf.jpg
585,2019_Abarth_124 Spider,Abarth_124 Spider_2019_MLXE.jpg
586,2017_Abarth_124 Spider,Abarth_124 Spider_2017_rdJF.jpg
587,2015_Abarth_595,Abarth_595_2015_AKgV.jpg
588,2015_Abarth_595,Abarth_595_2015_cIOx.jpg
589,2019_Abarth_124 Spider,Abarth_124 Spider_2019_MDbZ.jpg
590,2013_Abarth_595,Abarth_595_2013_cRAD.jpg
591,2017_Abarth_124 Spider,Abarth_124 Spider_2017_QxVZ.jpg
592,2017_Abarth_595C,Abarth_595C_2017_RTDX.jpg
593,2013_Abarth_595,Abarth_595_2013_Tghn.jpg
594,2015_Abarth_595C,Abarth_595C_2015_KRZv.jpg
595,2017_Abarth_124 Spider,Abarth_124 Spider_2017_QnXp.jpg
596,2013_Abarth_595,Abarth_595_2013_tbcm.jpg
597,2013_Abarth_595,Abarth_595_2013_Cnif.jpg
598,2017_Abarth_595C,Abarth_595C_2017_qVay.jpg
599,2015_Abarth_595C,Abarth_595C_2015_KGLn.jpg
600,2019_Abarth_124 Spider,Abarth_124 Spider_2019_lyGP.jpg
601,2017_Abarth_124 Spider,Abarth_124 Spider_2017_pHEw.jpg
602,2014_Abarth_595,Abarth_595_2014_ziRL.jpg
603,2013_Abarth_595,Abarth_595_2013_SqZo.jpg
604,2013_Abarth_595,Abarth_595_2013_chmQ.jpg
605,2017_Abarth_595C,Abarth_595C_2017_qsaW.jpg
606,2015_Abarth_595C,Abarth_595C_2015_jgfW.jpg
607,2019_Abarth_124 Spider,Abarth_124 Spider_2019_kxwk.jpg
608,2017_Abarth_124 Spider,Abarth_124 Spider_2017_oXux.jpg
609,2013_Abarth_595,Abarth_595_2013_sotO.jpg
610,2013_Abarth_595,Abarth_595_2013_CGzb.jpg
611,2017_Abarth_595C,Abarth_595C_2017_Oooi.jpg
612,2015_Abarth_595C,Abarth_595C_2015_IYRS.jpg
613,2019_Abarth_124 Spider,Abarth_124 Spider_2019_kWhv.jpg
614,2017_Abarth_124 Spider,Abarth_124 Spider_2017_oDXw.jpg
615,2013_Abarth_595,Abarth_595_2013_SlxK.jpg
616,2013_Abarth_595,Abarth_595_2013_Ceyw.jpg
617,2017_Abarth_124 Spider,Abarth_124 Spider_2017_OCmJ.jpg
618,2017_Abarth_595C,Abarth_595C_2017_mUDg.jpg
619,2015_Abarth_595C,Abarth_595C_2015_iXVH.jpg
620,2019_Abarth_124 Spider,Abarth_124 Spider_2019_kPzE.jpg
621,2017_Abarth_124 Spider,Abarth_124 Spider_2017_nZeE.jpg
622,2013_Abarth_595,Abarth_595_2013_RXIl.jpg
623,2013_Abarth_595,Abarth_595_2013_byPV.jpg
624,2017_Abarth_595C,Abarth_595C_2017_MPDo.jpg
625,2015_Abarth_595C,Abarth_595C_2015_isPx.jpg
626,2019_Abarth_124 Spider,Abarth_124 Spider_2019_KfVP.jpg
627,2017_Abarth_124 Spider,Abarth_124 Spider_2017_NwaL.jpg
628,2013_Abarth_595,Abarth_595_2013_aXZw.jpg
629,2017_Abarth_595C,Abarth_595C_2017_lepf.jpg
630,2015_Abarth_595C,Abarth_595C_2015_iNuu.jpg
631,2019_Abarth_124 Spider,Abarth_124 Spider_2019_kBxN.jpg
632,2013_Abarth_595,Abarth_595_2013_rUVD.jpg
633,2017_Abarth_124 Spider,Abarth_124 Spider_2017_nVTH.jpg
634,2014_Abarth_595,Abarth_595_2014_vaEv.jpg
635,2013_Abarth_595,Abarth_595_2013_RTlS.jpg
636,2013_Abarth_595,Abarth_595_2013_AxXY.jpg
637,2017_Abarth_595C,Abarth_595C_2017_kXhB.jpg
638,2015_Abarth_595C,Abarth_595C_2015_hryx.jpg
639,2019_Abarth_124 Spider,Abarth_124 Spider_2019_kADv.jpg
640,2017_Abarth_124 Spider,Abarth_124 Spider_2017_nUBA.jpg
641,2014_Abarth_595,Abarth_595_2014_YiPn.jpg
642,2019_Abarth_124 Spider,Abarth_124 Spider_2019_jxQX.jpg
643,2013_Abarth_595,Abarth_595_2013_rTDL.jpg
644,2015_Abarth_595C,Abarth_595C_2015_HrFC.jpg
645,2013_Abarth_595,Abarth_595_2013_aTkY.jpg
646,2017_Abarth_595C,Abarth_595C_2017_KsEx.jpg
647,2015_Abarth_595,Abarth_595_2015_hsDw.jpg
648,2015_Abarth_595,Abarth_595_2015_hSvw.jpg
649,2015_Abarth_595,Abarth_595_2015_huEf.jpg
650,2015_Abarth_595,Abarth_595_2015_HYXO.jpg
651,2015_Abarth_595,Abarth_595_2015_IDva.jpg
652,2015_Abarth_595,Abarth_595_2015_ifbt.jpg
653,2015_Abarth_595,Abarth_595_2015_iKGg.jpg
654,2015_Abarth_595,Abarth_595_2015_iKQG.jpg
655,2015_Abarth_595,Abarth_595_2015_ILjx.jpg
656,2015_Abarth_595,Abarth_595_2015_iqot.jpg
657,2015_Abarth_595,Abarth_595_2015_iwoO.jpg
658,2015_Abarth_595,Abarth_595_2015_IyCD.jpg
659,2015_Abarth_595,Abarth_595_2015_IyJe.jpg
660,2015_Abarth_595,Abarth_595_2015_iZEm.jpg
661,2015_Abarth_595,Abarth_595_2015_izia.jpg
662,2015_Abarth_595,Abarth_595_2015_jaTx.jpg
663,2015_Abarth_595,Abarth_595_2015_JddX.jpg
664,2015_Abarth_595,Abarth_595_2015_jdpi.jpg
665,2015_Abarth_595,Abarth_595_2015_JGvQ.jpg
666,2015_Abarth_595,Abarth_595_2015_JIvt.jpg
667,2015_Abarth_595,Abarth_595_2015_jjNx.jpg
668,2015_Abarth_595,Abarth_595_2015_JKbo.jpg
669,2015_Abarth_595,Abarth_595_2015_Jkvu.jpg
670,2015_Abarth_595,Abarth_595_2015_JrVD.jpg
671,2015_Abarth_595,Abarth_595_2015_jsoR.jpg
672,2015_Abarth_595,Abarth_595_2015_jthe.jpg
673,2015_Abarth_595,Abarth_595_2015_JYKM.jpg
674,2015_Abarth_595,Abarth_595_2015_JyoR.jpg
675,2015_Abarth_595,Abarth_595_2015_jZHb.jpg
676,2015_Abarth_595,Abarth_595_2015_kAaV.jpg
677,2015_Abarth_595,Abarth_595_2015_Kanl.jpg
678,2015_Abarth_595,Abarth_595_2015_kGEe.jpg
679,2015_Abarth_595,Abarth_595_2015_kGhG.jpg
680,2015_Abarth_595,Abarth_595_2015_KlRI.jpg
681,2015_Abarth_595,Abarth_595_2015_kNKU.jpg
682,2015_Abarth_595,Abarth_595_2015_kOdu.jpg
683,2015_Abarth_595,Abarth_595_2015_KRQi.jpg
684,2015_Abarth_595,Abarth_595_2015_KsNt.jpg
685,2015_Abarth_595,Abarth_595_2015_KsYu.jpg
686,2015_Abarth_595,Abarth_595_2015_ktgD.jpg
687,2015_Abarth_595,Abarth_595_2015_KuCY.jpg
688,2015_Abarth_595,Abarth_595_2015_KvDK.jpg
689,2015_Abarth_595,Abarth_595_2015_KWgp.jpg
690,2015_Abarth_595,Abarth_595_2015_liQz.jpg
691,2015_Abarth_595,Abarth_595_2015_lnCN.jpg
692,2015_Abarth_595,Abarth_595_2015_lnuE.jpg
693,2015_Abarth_595,Abarth_595_2015_LOyA.jpg
694,2015_Abarth_595,Abarth_595_2015_lPCH.jpg
695,2015_Abarth_595,Abarth_595_2015_lqDm.jpg
696,2015_Abarth_595,Abarth_595_2015_lScQ.jpg
697,2015_Abarth_595,Abarth_595_2015_lUSh.jpg
698,2015_Abarth_595,Abarth_595_2015_lvgT.jpg
699,2015_Abarth_595,Abarth_595_2015_LWRi.jpg
700,2015_Abarth_595,Abarth_595_2015_lzLZ.jpg
701,2015_Abarth_595,Abarth_595_2015_maAJ.jpg
702,2015_Abarth_595,Abarth_595_2015_meie.jpg
703,2015_Abarth_595,Abarth_595_2015_MFKn.jpg
704,2015_Abarth_595,Abarth_595_2015_MNvO.jpg
705,2015_Abarth_595,Abarth_595_2015_mtJI.jpg
706,2015_Abarth_595,Abarth_595_2015_MVpp.jpg
707,2015_Abarth_595,Abarth_595_2015_mVqD.jpg
708,2015_Abarth_595,Abarth_595_2015_MzdH.jpg
709,2015_Abarth_595,Abarth_595_2015_mZJg.jpg
710,2015_Abarth_595,Abarth_595_2015_naJn.jpg
711,2015_Abarth_595,Abarth_595_2015_nfGo.jpg
712,2015_Abarth_595,Abarth_595_2015_nhQE.jpg
713,2015_Abarth_595,Abarth_595_2015_NIcT.jpg
714,2015_Abarth_595,Abarth_595_2015_nnJl.jpg
715,2015_Abarth_595,Abarth_595_2015_nVbJ.jpg
716,2015_Abarth_595,Abarth_595_2015_NYeI.jpg
717,2015_Abarth_595,Abarth_595_2015_nYRY.jpg
718,2015_Abarth_595,Abarth_595_2015_obpa.jpg
719,2015_Abarth_595,Abarth_595_2015_OgjC.jpg
720,2015_Abarth_595,Abarth_595_2015_ogJO.jpg
721,2015_Abarth_595,Abarth_595_2015_ohJN.jpg
722,2015_Abarth_595,Abarth_595_2015_OJOa.jpg
723,2015_Abarth_595,Abarth_595_2015_okPA.jpg
724,2015_Abarth_595,Abarth_595_2015_oLDE.jpg
725,2015_Abarth_595,Abarth_595_2015_OoZz.jpg
726,2015_Abarth_595,Abarth_595_2015_oQUs.jpg
727,2015_Abarth_595,Abarth_595_2015_OsYk.jpg
728,2015_Abarth_595,Abarth_595_2015_oUIG.jpg
729,2015_Abarth_595,Abarth_595_2015_oyKF.jpg
730,2015_Abarth_595,Abarth_595_2015_OyOH.jpg
731,2015_Abarth_595,Abarth_595_2015_OYUg.jpg
732,2015_Abarth_595,Abarth_595_2015_oZlF.jpg
733,2015_Abarth_595,Abarth_595_2015_pasf.jpg
734,2015_Abarth_595,Abarth_595_2015_pbgk.jpg
735,2015_Abarth_595,Abarth_595_2015_pfbq.jpg
736,2015_Abarth_595,Abarth_595_2015_plQs.jpg
737,2015_Abarth_595,Abarth_595_2015_prBl.jpg
738,2015_Abarth_595,Abarth_595_2015_PtnK.jpg
739,2015_Abarth_595,Abarth_595_2015_PYdk.jpg
740,2015_Abarth_595,Abarth_595_2015_QdRQ.jpg
741,2015_Abarth_595,Abarth_595_2015_qGha.jpg
742,2015_Abarth_595,Abarth_595_2015_qGwq.jpg
743,2015_Abarth_595,Abarth_595_2015_QIch.jpg
744,2015_Abarth_595,Abarth_595_2015_qLXh.jpg
745,2015_Abarth_595,Abarth_595_2015_qrbl.jpg
746,2015_Abarth_595,Abarth_595_2015_qRTa.jpg
747,2015_Abarth_595,Abarth_595_2015_qsrz.jpg
748,2015_Abarth_595,Abarth_595_2015_QTIQ.jpg
749,2015_Abarth_595,Abarth_595_2015_RdeF.jpg
750,2015_Abarth_595,Abarth_595_2015_rmUT.jpg
751,2015_Abarth_595,Abarth_595_2015_rnMd.jpg
752,2015_Abarth_595,Abarth_595_2015_rnvC.jpg
753,2015_Abarth_595,Abarth_595_2015_rvlv.jpg
754,2015_Abarth_595,Abarth_595_2015_RVzg.jpg
755,2015_Abarth_595,Abarth_595_2015_rZdw.jpg
756,2015_Abarth_595,Abarth_595_2015_SaWs.jpg
757,2015_Abarth_595,Abarth_595_2015_SbDi.jpg
758,2015_Abarth_595,Abarth_595_2015_sBDu.jpg
759,2015_Abarth_595,Abarth_595_2015_sClq.jpg
760,2015_Abarth_595,Abarth_595_2015_sDEs.jpg
761,2015_Abarth_595,Abarth_595_2015_semW.jpg
762,2015_Abarth_595,Abarth_595_2015_SevT.jpg
763,2015_Abarth_595,Abarth_595_2015_SGzM.jpg
764,2015_Abarth_595,Abarth_595_2015_shzT.jpg
765,2015_Abarth_595,Abarth_595_2015_SJPU.jpg
766,2015_Abarth_595,Abarth_595_2015_SozD.jpg
767,2015_Abarth_595,Abarth_595_2015_sXoV.jpg
768,2015_Abarth_595,Abarth_595_2015_tavQ.jpg
769,2015_Abarth_595,Abarth_595_2015_TcuS.jpg
770,2015_Abarth_595,Abarth_595_2015_TeNr.jpg
771,2015_Abarth_595,Abarth_595_2015_TiLR.jpg
772,2015_Abarth_595,Abarth_595_2015_TJII.jpg
773,2015_Abarth_595,Abarth_595_2015_TkOA.jpg
774,2015_Abarth_595,Abarth_595_2015_TLaH.jpg
775,2015_Abarth_595,Abarth_595_2015_TLNl.jpg
776,2015_Abarth_595,Abarth_595_2015_tOln.jpg
777,2015_Abarth_595,Abarth_595_2015_ToQH.jpg
778,2015_Abarth_595,Abarth_595_2015_tQBZ.jpg
779,2015_Abarth_595,Abarth_595_2015_TQTo.jpg
780,2015_Abarth_595,Abarth_595_2015_trnM.jpg
781,2015_Abarth_595,Abarth_595_2015_Uazr.jpg
782,2015_Abarth_595,Abarth_595_2015_UfLQ.jpg
783,2015_Abarth_595,Abarth_595_2015_UHsI.jpg
784,2015_Abarth_595,Abarth_595_2015_UIzV.jpg
785,2015_Abarth_595,Abarth_595_2015_unDu.jpg
786,2015_Abarth_595,Abarth_595_2015_unGO.jpg
787,2015_Abarth_595,Abarth_595_2015_UojP.jpg
788,2015_Abarth_595,Abarth_595_2015_uOLH.jpg
789,2015_Abarth_595,Abarth_595_2015_uORi.jpg
790,2015_Abarth_595,Abarth_595_2015_UQIM.jpg
791,2015_Abarth_595,Abarth_595_2015_urSk.jpg
792,2015_Abarth_595,Abarth_595_2015_usCo.jpg
793,2015_Abarth_595,Abarth_595_2015_USXT.jpg
794,2015_Abarth_595,Abarth_595_2015_UYZB.jpg
795,2015_Abarth_595,Abarth_595_2015_vaSe.jpg
796,2015_Abarth_595,Abarth_595_2015_vcHv.jpg
797,2015_Abarth_595,Abarth_595_2015_vGuB.jpg
798,2015_Abarth_595,Abarth_595_2015_vjLf.jpg
799,2015_Abarth_595,Abarth_595_2015_VmKa.jpg
800,2015_Abarth_595,Abarth_595_2015_vNmX.jpg
801,2015_Abarth_595,Abarth_595_2015_VPuc.jpg
802,2015_Abarth_595,Abarth_595_2015_vRMB.jpg
803,2015_Abarth_595,Abarth_595_2015_VWZs.jpg
804,2015_Abarth_595,Abarth_595_2015_WbWk.jpg
805,2015_Abarth_595,Abarth_595_2015_wEKo.jpg
806,2015_Abarth_595,Abarth_595_2015_wEYI.jpg
807,2015_Abarth_595,Abarth_595_2015_WIdQ.jpg
808,2015_Abarth_595,Abarth_595_2015_WIOt.jpg
809,2015_Abarth_595,Abarth_595_2015_WpEN.jpg
810,2015_Abarth_595,Abarth_595_2015_wpPJ.jpg
811,2015_Abarth_595,Abarth_595_2015_WrzR.jpg
812,2015_Abarth_595,Abarth_595_2015_wzZu.jpg
813,2015_Abarth_595,Abarth_595_2015_xEWq.jpg
814,2015_Abarth_595,Abarth_595_2015_XfRi.jpg
815,2015_Abarth_595,Abarth_595_2015_xgsh.jpg
816,2015_Abarth_595,Abarth_595_2015_xHDp.jpg
817,2015_Abarth_595,Abarth_595_2015_XjLq.jpg
818,2015_Abarth_595,Abarth_595_2015_xQTp.jpg
819,2015_Abarth_595,Abarth_595_2015_XrMD.jpg
820,2015_Abarth_595,Abarth_595_2015_xRTy.jpg
821,2015_Abarth_595,Abarth_595_2015_XStr.jpg
822,2015_Abarth_595,Abarth_595_2015_xvrh.jpg
823,2015_Abarth_595,Abarth_595_2015_xWIP.jpg
824,2015_Abarth_595,Abarth_595_2015_Xxlu.jpg
825,2015_Abarth_595,Abarth_595_2015_xYsq.jpg
826,2015_Abarth_595,Abarth_595_2015_XzQE.jpg
827,2015_Abarth_595,Abarth_595_2015_YaAz.jpg
828,2015_Abarth_595,Abarth_595_2015_ydJu.jpg
829,2015_Abarth_595,Abarth_595_2015_yDMd.jpg
830,2015_Abarth_595,Abarth_595_2015_yHER.jpg
831,2015_Abarth_595,Abarth_595_2015_yhZP.jpg
832,2015_Abarth_595,Abarth_595_2015_yoRy.jpg
833,2015_Abarth_595,Abarth_595_2015_yoSb.jpg
834,2015_Abarth_595,Abarth_595_2015_YpOY.jpg
835,2015_Abarth_595,Abarth_595_2015_YpTy.jpg
836,2015_Abarth_595,Abarth_595_2015_yQSi.jpg
837,2015_Abarth_595,Abarth_595_2015_yqZn.jpg
838,2015_Abarth_595,Abarth_595_2015_YRuw.jpg
839,2015_Abarth_595,Abarth_595_2015_YTeX.jpg
840,2015_Abarth_595,Abarth_595_2015_yTMV.jpg
841,2015_Abarth_595,Abarth_595_2015_YUbx.jpg
842,2015_Abarth_595,Abarth_595_2015_YVtt.jpg
843,2015_Abarth_595,Abarth_595_2015_YYyc.jpg
844,2015_Abarth_595,Abarth_595_2015_zcGu.jpg
845,2015_Abarth_595,Abarth_595_2015_zdUp.jpg
846,2015_Abarth_595,Abarth_595_2015_ZgjZ.jpg
847,2015_Abarth_595,Abarth_595_2015_zgVZ.jpg
848,2015_Abarth_595,Abarth_595_2015_ZGYd.jpg
849,2015_Abarth_595,Abarth_595_2015_ZJWn.jpg
850,2015_Abarth_595,Abarth_595_2015_ZocM.jpg
851,2015_Abarth_595,Abarth_595_2015_zoZd.jpg
852,2015_Abarth_595,Abarth_595_2015_zpPZ.jpg
853,2015_Abarth_595,Abarth_595_2015_zvbb.jpg
854,2015_Abarth_595,Abarth_595_2015_zwec.jpg
855,2015_Abarth_595,Abarth_595_2015_ZXLf.jpg
856,2015_Abarth_595,Abarth_595_2015_ZycY.jpg
857,2015_Abarth_595,Abarth_595_2015_zYLJ.jpg
858,2015_Abarth_595,Abarth_595_2015_ZZLn.jpg
859,2016_Abarth_595,Abarth_595_2016_AEjs.jpg
860,2016_Abarth_595,Abarth_595_2016_AKuJ.jpg
861,2016_Abarth_595,Abarth_595_2016_Alro.jpg
862,2016_Abarth_595,Abarth_595_2016_AONf.jpg
863,2016_Abarth_595,Abarth_595_2016_AONX.jpg
864,2016_Abarth_595,Abarth_595_2016_aRZU.jpg
865,2016_Abarth_595,Abarth_595_2016_aVTp.jpg
866,2016_Abarth_595,Abarth_595_2016_AWtD.jpg
867,2016_Abarth_595,Abarth_595_2016_AzvT.jpg
868,2016_Abarth_595,Abarth_595_2016_BCdX.jpg
869,2016_Abarth_595,Abarth_595_2016_BJEr.jpg
870,2016_Abarth_595,Abarth_595_2016_BKMr.jpg
871,2016_Abarth_595,Abarth_595_2016_Bmne.jpg
872,2016_Abarth_595,Abarth_595_2016_BmsG.jpg
873,2016_Abarth_595,Abarth_595_2016_bUJE.jpg
874,2016_Abarth_595,Abarth_595_2016_BVRo.jpg
875,2016_Abarth_595,Abarth_595_2016_bZLq.jpg
876,2016_Abarth_595,Abarth_595_2016_CCFe.jpg
877,2016_Abarth_595,Abarth_595_2016_CfpS.jpg
878,2016_Abarth_595,Abarth_595_2016_cgsb.jpg
879,2016_Abarth_595,Abarth_595_2016_CHML.jpg
880,2016_Abarth_595,Abarth_595_2016_ClXT.jpg
881,2016_Abarth_595,Abarth_595_2016_cpkP.jpg
882,2016_Abarth_595,Abarth_595_2016_CqTs.jpg
883,2016_Abarth_595,Abarth_595_2016_CTzu.jpg
884,2016_Abarth_595,Abarth_595_2016_CuCC.jpg
885,2016_Abarth_595,Abarth_595_2016_cXHb.jpg
886,2016_Abarth_595,Abarth_595_2016_CyUU.jpg
887,2016_Abarth_595,Abarth_595_2016_DBep.jpg
888,2016_Abarth_595,Abarth_595_2016_DCAB.jpg
889,2016_Abarth_595,Abarth_595_2016_DcTX.jpg
890,2016_Abarth_595,Abarth_595_2016_Divz.jpg
891,2016_Abarth_595,Abarth_595_2016_DUKA.jpg
892,2016_Abarth_595,Abarth_595_2016_EctQ.jpg
893,2016_Abarth_595,Abarth_595_2016_eIUF.jpg
894,2016_Abarth_595,Abarth_595_2016_ejmI.jpg
895,2016_Abarth_595,Abarth_595_2016_ekjF.jpg
896,2016_Abarth_595,Abarth_595_2016_ElRh.jpg
897,2016_Abarth_595,Abarth_595_2016_eOVm.jpg
898,2016_Abarth_595,Abarth_595_2016_fBOP.jpg
899,2016_Abarth_595,Abarth_595_2016_fEdm.jpg
900,2016_Abarth_595,Abarth_595_2016_FFND.jpg
901,2016_Abarth_595,Abarth_595_2016_FfOI.jpg
902,2016_Abarth_595,Abarth_595_2016_FFXZ.jpg
903,2016_Abarth_595,Abarth_595_2016_Fmdg.jpg
904,2016_Abarth_595,Abarth_595_2016_FmgB.jpg
905,2016_Abarth_595,Abarth_595_2016_Fvbk.jpg
906,2016_Abarth_595,Abarth_595_2016_FvgS.jpg
907,2016_Abarth_595,Abarth_595_2016_fvkS.jpg
908,2016_Abarth_595,Abarth_595_2016_GEcP.jpg
909,2016_Abarth_595,Abarth_595_2016_GHIF.jpg
910,2016_Abarth_595,Abarth_595_2016_gHks.jpg
911,2016_Abarth_595,Abarth_595_2016_ghRJ.jpg
912,2016_Abarth_595,Abarth_595_2016_gjwo.jpg
913,2016_Abarth_595,Abarth_595_2016_gOdO.jpg
914,2016_Abarth_595,Abarth_595_2016_gPoo.jpg
915,2016_Abarth_595,Abarth_595_2016_gvyF.jpg
916,2016_Abarth_595,Abarth_595_2016_gwaj.jpg
917,2016_Abarth_595,Abarth_595_2016_gyBp.jpg
918,2016_Abarth_595,Abarth_595_2016_HaLl.jpg
919,2016_Abarth_595,Abarth_595_2016_HbDv.jpg
920,2016_Abarth_595,Abarth_595_2016_heKD.jpg
921,2016_Abarth_595,Abarth_595_2016_HJAE.jpg
922,2016_Abarth_595,Abarth_595_2016_HlMR.jpg
923,2016_Abarth_595,Abarth_595_2016_hSgF.jpg
924,2016_Abarth_595,Abarth_595_2016_HSoB.jpg
925,2016_Abarth_595,Abarth_595_2016_hTWC.jpg
926,2016_Abarth_595,Abarth_595_2016_hycC.jpg
927,2016_Abarth_595,Abarth_595_2016_IBmT.jpg
928,2016_Abarth_595,Abarth_595_2016_Idlh.jpg
929,2016_Abarth_595,Abarth_595_2016_IdnB.jpg
930,2016_Abarth_595,Abarth_595_2016_ikRe.jpg
931,2016_Abarth_595,Abarth_595_2016_imWV.jpg
932,2016_Abarth_595,Abarth_595_2016_iNKe.jpg
933,2016_Abarth_595,Abarth_595_2016_IRxN.jpg
934,2016_Abarth_595,Abarth_595_2016_Itxn.jpg
935,2016_Abarth_595,Abarth_595_2016_iWiO.jpg
936,2016_Abarth_595,Abarth_595_2016_iwoy.jpg
937,2016_Abarth_595,Abarth_595_2016_jaPT.jpg
938,2016_Abarth_595,Abarth_595_2016_JepC.jpg
939,2016_Abarth_595,Abarth_595_2016_JfEm.jpg
940,2016_Abarth_595,Abarth_595_2016_JgTF.jpg
941,2016_Abarth_595,Abarth_595_2016_jLac.jpg
942,2016_Abarth_595,Abarth_595_2016_JOqa.jpg
943,2016_Abarth_595,Abarth_595_2016_jRbM.jpg
944,2016_Abarth_595,Abarth_595_2016_JwlH.jpg
945,2016_Abarth_595,Abarth_595_2016_jWSb.jpg
946,2016_Abarth_595,Abarth_595_2016_JXxX.jpg
947,2016_Abarth_595,Abarth_595_2016_KBej.jpg
948,2016_Abarth_595,Abarth_595_2016_kdBk.jpg
949,2016_Abarth_595,Abarth_595_2016_KFOw.jpg
950,2016_Abarth_595,Abarth_595_2016_KGXI.jpg
951,2016_Abarth_595,Abarth_595_2016_kiHi.jpg
952,2016_Abarth_595,Abarth_595_2016_LaVH.jpg
953,2016_Abarth_595,Abarth_595_2016_lCaF.jpg
954,2016_Abarth_595,Abarth_595_2016_lCKZ.jpg
955,2016_Abarth_595,Abarth_595_2016_Ldxf.jpg
956,2016_Abarth_595,Abarth_595_2016_lfGw.jpg
957,2016_Abarth_595,Abarth_595_2016_LGxG.jpg
958,2016_Abarth_595,Abarth_595_2016_LQlV.jpg
959,2016_Abarth_595,Abarth_595_2016_Lwxf.jpg
960,2016_Abarth_595,Abarth_595_2016_MBbY.jpg
961,2016_Abarth_595,Abarth_595_2016_MbyU.jpg
962,2016_Abarth_595,Abarth_595_2016_MGgM.jpg
963,2016_Abarth_595,Abarth_595_2016_mLWy.jpg
964,2016_Abarth_595,Abarth_595_2016_mNbE.jpg
965,2016_Abarth_595,Abarth_595_2016_mPMX.jpg
966,2016_Abarth_595,Abarth_595_2016_mUkW.jpg
967,2016_Abarth_595,Abarth_595_2016_mvmb.jpg
968,2016_Abarth_595,Abarth_595_2016_mWFT.jpg
969,2016_Abarth_595,Abarth_595_2016_mwSf.jpg
970,2016_Abarth_595,Abarth_595_2016_MyjX.jpg
971,2016_Abarth_595,Abarth_595_2016_Nbvv.jpg
972,2016_Abarth_595,Abarth_595_2016_NHEU.jpg
973,2016_Abarth_595,Abarth_595_2016_njEA.jpg
974,2016_Abarth_595,Abarth_595_2016_NJWR.jpg
975,2016_Abarth_595,Abarth_595_2016_nkNk.jpg
976,2016_Abarth_595,Abarth_595_2016_NNKi.jpg
977,2016_Abarth_595,Abarth_595_2016_nqad.jpg
978,2016_Abarth_595,Abarth_595_2016_Nrev.jpg
979,2016_Abarth_595,Abarth_595_2016_nYqi.jpg
980,2016_Abarth_595,Abarth_595_2016_okVm.jpg
981,2016_Abarth_595,Abarth_595_2016_oLOh.jpg
982,2016_Abarth_595,Abarth_595_2016_OsCM.jpg
983,2016_Abarth_595,Abarth_595_2016_pgQr.jpg
984,2016_Abarth_595,Abarth_595_2016_PLbc.jpg
985,2016_Abarth_595,Abarth_595_2016_poBv.jpg
986,2016_Abarth_595,Abarth_595_2016_PQlr.jpg
987,2016_Abarth_595,Abarth_595_2016_PTQO.jpg
988,2016_Abarth_595,Abarth_595_2016_PubV.jpg
989,2016_Abarth_595,Abarth_595_2016_PYsH.jpg
990,2016_Abarth_595,Abarth_595_2016_PZWZ.jpg
991,2016_Abarth_595,Abarth_595_2016_pzzO.jpg
992,2016_Abarth_595,Abarth_595_2016_QDhF.jpg
993,2016_Abarth_595,Abarth_595_2016_QGHE.jpg
994,2016_Abarth_595,Abarth_595_2016_QMpd.jpg
995,2016_Abarth_595,Abarth_595_2016_QRoF.jpg
996,2016_Abarth_595,Abarth_595_2016_QTfz.jpg
997,2016_Abarth_595,Abarth_595_2016_qvai.jpg
